model,case,token,count,proportion
BART,C3,).,3,0.08823529411764706
BART,C3,.,3,0.08823529411764706
BART,C3,(,2,0.058823529411764705
BART,C3,but,2,0.058823529411764705
BART,C3,et,2,0.058823529411764705
BART,C3,well,2,0.058823529411764705
BART,C3,",",1,0.029411764705882353
BART,C3,2007,1,0.029411764705882353
BART,C3,By,1,0.029411764705882353
BART,C3,Recently,1,0.029411764705882353
BART,C3,ably,1,0.029411764705882353
BART,C3,achieve,1,0.029411764705882353
BART,C3,and,1,0.029411764705882353
BART,C3,highlighted,1,0.029411764705882353
BART,C3,lacks,1,0.029411764705882353
BART,C3,largest,1,0.029411764705882353
BART,C3,make,1,0.029411764705882353
BART,C3,not,1,0.029411764705882353
BART,C3,our,1,0.029411764705882353
BART,C3,outper,1,0.029411764705882353
BART,C3,satisfactory,1,0.029411764705882353
BART,C3,solution,1,0.029411764705882353
BART,C3,sophisticated,1,0.029411764705882353
BART,C3,state,1,0.029411764705882353
BART,C3,the,1,0.029411764705882353
BART,C3,weaknesses,1,0.029411764705882353
BART,C4,.,40,0.07920792079207921
BART,C4,).,26,0.05148514851485148
BART,C4,2024,18,0.03564356435643564
BART,C4,not,15,0.0297029702970297
BART,C4,",",13,0.02574257425742574
BART,C4,[,12,0.023762376237623763
BART,C4,(,11,0.02178217821782178
BART,C4,2025,11,0.02178217821782178
BART,C4,),10,0.019801980198019802
BART,C4,Despite,9,0.01782178217821782
BART,C4,],9,0.01782178217821782
BART,C4,demonstrates,9,0.01782178217821782
BART,C4,learning,7,0.013861386138613862
BART,C4,overlook,7,0.013861386138613862
BART,C4,et,6,0.011881188118811881
BART,C4,does,5,0.009900990099009901
BART,C4,unnecessary,5,0.009900990099009901
BART,C4,2003,4,0.007920792079207921
BART,C4,2021,4,0.007920792079207921
BART,C4,The,4,0.007920792079207921
BART,C4,continues,4,0.007920792079207921
BART,C4,s,4,0.007920792079207921
BART,C4,study,4,0.007920792079207921
BART,C4,suffered,4,0.007920792079207921
BART,C4,)',3,0.005940594059405941
BART,C4,1996,3,0.005940594059405941
BART,C4,2019,3,0.005940594059405941
BART,C4,2022,3,0.005940594059405941
BART,C4,Collins,3,0.005940594059405941
BART,C4,across,3,0.005940594059405941
BART,C4,but,3,0.005940594059405941
BART,C4,cost,3,0.005940594059405941
BART,C4,focus,3,0.005940594059405941
BART,C4,impractical,3,0.005940594059405941
BART,C4,inadequate,3,0.005940594059405941
BART,C4,inefficient,3,0.005940594059405941
BART,C4,innovative,3,0.005940594059405941
BART,C4,is,3,0.005940594059405941
BART,C4,outdated,3,0.005940594059405941
BART,C4,problems,3,0.005940594059405941
BART,C4,states,3,0.005940594059405941
BART,C4,versatility,3,0.005940594059405941
BART,C4,".,",2,0.0039603960396039604
BART,C4,1990,2,0.0039603960396039604
BART,C4,1997,2,0.0039603960396039604
BART,C4,2005,2,0.0039603960396039604
BART,C4,23,2,0.0039603960396039604
BART,C4,3,2,0.0039603960396039604
BART,C4,4,2,0.0039603960396039604
BART,C4,5,2,0.0039603960396039604
BART,C4,As,2,0.0039603960396039604
BART,C4,Deep,2,0.0039603960396039604
BART,C4,In,2,0.0039603960396039604
BART,C4,adoption,2,0.0039603960396039604
BART,C4,and,2,0.0039603960396039604
BART,C4,complexity,2,0.0039603960396039604
BART,C4,crucial,2,0.0039603960396039604
BART,C4,excessive,2,0.0039603960396039604
BART,C4,guaranteed,2,0.0039603960396039604
BART,C4,high,2,0.0039603960396039604
BART,C4,improve,2,0.0039603960396039604
BART,C4,improvements,2,0.0039603960396039604
BART,C4,incompatible,2,0.0039603960396039604
BART,C4,over,2,0.0039603960396039604
BART,C4,overhead,2,0.0039603960396039604
BART,C4,proposed,2,0.0039603960396039604
BART,C4,provide,2,0.0039603960396039604
BART,C4,reduced,2,0.0039603960396039604
BART,C4,substantial,2,0.0039603960396039604
BART,C4,transparency,2,0.0039603960396039604
BART,C4,unrealistic,2,0.0039603960396039604
BART,C4,unreliable,2,0.0039603960396039604
BART,C4,well,2,0.0039603960396039604
BART,C4,&,1,0.0019801980198019802
BART,C4,"),",1,0.0019801980198019802
BART,C4,1,1,0.0019801980198019802
BART,C4,11,1,0.0019801980198019802
BART,C4,16,1,0.0019801980198019802
BART,C4,1992,1,0.0019801980198019802
BART,C4,1993,1,0.0019801980198019802
BART,C4,1995,1,0.0019801980198019802
BART,C4,2,1,0.0019801980198019802
BART,C4,20,1,0.0019801980198019802
BART,C4,2006,1,0.0019801980198019802
BART,C4,2007,1,0.0019801980198019802
BART,C4,2016,1,0.0019801980198019802
BART,C4,21,1,0.0019801980198019802
BART,C4,31,1,0.0019801980198019802
BART,C4,34,1,0.0019801980198019802
BART,C4,36,1,0.0019801980198019802
BART,C4,=,1,0.0019801980198019802
BART,C4,?,1,0.0019801980198019802
BART,C4,AI,1,0.0019801980198019802
BART,C4,Another,1,0.0019801980198019802
BART,C4,F,1,0.0019801980198019802
BART,C4,However,1,0.0019801980198019802
BART,C4,LOC,1,0.0019801980198019802
BART,C4,On,1,0.0019801980198019802
BART,C4,Osborne,1,0.0019801980198019802
BART,C4,Recently,1,0.0019801980198019802
BART,C4,Second,1,0.0019801980198019802
BART,C4,T,1,0.0019801980198019802
BART,C4,Table,1,0.0019801980198019802
BART,C4,To,1,0.0019801980198019802
BART,C4,V,1,0.0019801980198019802
BART,C4,We,1,0.0019801980198019802
BART,C4,While,1,0.0019801980198019802
BART,C4,].,1,0.0019801980198019802
BART,C4,achieved,1,0.0019801980198019802
BART,C4,achieves,1,0.0019801980198019802
BART,C4,actively,1,0.0019801980198019802
BART,C4,adapted,1,0.0019801980198019802
BART,C4,advancements,1,0.0019801980198019802
BART,C4,al,1,0.0019801980198019802
BART,C4,algorithms,1,0.0019801980198019802
BART,C4,all,1,0.0019801980198019802
BART,C4,art,1,0.0019801980198019802
BART,C4,atable,1,0.0019801980198019802
BART,C4,authors,1,0.0019801980198019802
BART,C4,best,1,0.0019801980198019802
BART,C4,board,1,0.0019801980198019802
BART,C4,breakthrough,1,0.0019801980198019802
BART,C4,bs,1,0.0019801980198019802
BART,C4,cannot,1,0.0019801980198019802
BART,C4,case,1,0.0019801980198019802
BART,C4,compelling,1,0.0019801980198019802
BART,C4,competitive,1,0.0019801980198019802
BART,C4,compromised,1,0.0019801980198019802
BART,C4,concise,1,0.0019801980198019802
BART,C4,consistent,1,0.0019801980198019802
BART,C4,contrasts,1,0.0019801980198019802
BART,C4,convenient,1,0.0019801980198019802
BART,C4,convinc,1,0.0019801980198019802
BART,C4,deep,1,0.0019801980198019802
BART,C4,definitive,1,0.0019801980198019802
BART,C4,dependence,1,0.0019801980198019802
BART,C4,developed,1,0.0019801980198019802
BART,C4,discredited,1,0.0019801980198019802
BART,C4,diverse,1,0.0019801980198019802
BART,C4,effectively,1,0.0019801980198019802
BART,C4,eleg,1,0.0019801980198019802
BART,C4,eliminated,1,0.0019801980198019802
BART,C4,enabled,1,0.0019801980198019802
BART,C4,enhances,1,0.0019801980198019802
BART,C4,entropy,1,0.0019801980198019802
BART,C4,exemplary,1,0.0019801980198019802
BART,C4,expands,1,0.0019801980198019802
BART,C4,fail,1,0.0019801980198019802
BART,C4,fails,1,0.0019801980198019802
BART,C4,fairly,1,0.0019801980198019802
BART,C4,falls,1,0.0019801980198019802
BART,C4,features,1,0.0019801980198019802
BART,C4,flawless,1,0.0019801980198019802
BART,C4,follows,1,0.0019801980198019802
BART,C4,found,1,0.0019801980198019802
BART,C4,fully,1,0.0019801980198019802
BART,C4,good,1,0.0019801980198019802
BART,C4,growing,1,0.0019801980198019802
BART,C4,highly,1,0.0019801980198019802
BART,C4,however,1,0.0019801980198019802
BART,C4,iang,1,0.0019801980198019802
BART,C4,implemented,1,0.0019801980198019802
BART,C4,improves,1,0.0019801980198019802
BART,C4,improving,1,0.0019801980198019802
BART,C4,incomplete,1,0.0019801980198019802
BART,C4,ineffective,1,0.0019801980198019802
BART,C4,inspire,1,0.0019801980198019802
BART,C4,instability,1,0.0019801980198019802
BART,C4,introduced,1,0.0019801980198019802
BART,C4,ized,1,0.0019801980198019802
BART,C4,limitations,1,0.0019801980198019802
BART,C4,log,1,0.0019801980198019802
BART,C4,manipulation,1,0.0019801980198019802
BART,C4,meticulously,1,0.0019801980198019802
BART,C4,minimized,1,0.0019801980198019802
BART,C4,mistakes,1,0.0019801980198019802
BART,C4,models,1,0.0019801980198019802
BART,C4,needs,1,0.0019801980198019802
BART,C4,new,1,0.0019801980198019802
BART,C4,novel,1,0.0019801980198019802
BART,C4,observations,1,0.0019801980198019802
BART,C4,on,1,0.0019801980198019802
BART,C4,outper,1,0.0019801980198019802
BART,C4,outstanding,1,0.0019801980198019802
BART,C4,overs,1,0.0019801980198019802
BART,C4,paradigm,1,0.0019801980198019802
BART,C4,popular,1,0.0019801980198019802
BART,C4,pressing,1,0.0019801980198019802
BART,C4,promising,1,0.0019801980198019802
BART,C4,promotes,1,0.0019801980198019802
BART,C4,publicly,1,0.0019801980198019802
BART,C4,rare,1,0.0019801980198019802
BART,C4,rarely,1,0.0019801980198019802
BART,C4,reasonable,1,0.0019801980198019802
BART,C4,recent,1,0.0019801980198019802
BART,C4,redundant,1,0.0019801980198019802
BART,C4,reliance,1,0.0019801980198019802
BART,C4,required,1,0.0019801980198019802
BART,C4,risks,1,0.0019801980198019802
BART,C4,robust,1,0.0019801980198019802
BART,C4,satisfying,1,0.0019801980198019802
BART,C4,seminal,1,0.0019801980198019802
BART,C4,sentence,1,0.0019801980198019802
BART,C4,simplest,1,0.0019801980198019802
BART,C4,still,1,0.0019801980198019802
BART,C4,strong,1,0.0019801980198019802
BART,C4,stronger,1,0.0019801980198019802
BART,C4,structure,1,0.0019801980198019802
BART,C4,text,1,0.0019801980198019802
BART,C4,that,1,0.0019801980198019802
BART,C4,thoroughly,1,0.0019801980198019802
BART,C4,to,1,0.0019801980198019802
BART,C4,trouble,1,0.0019801980198019802
BART,C4,unacceptable,1,0.0019801980198019802
BART,C4,underscores,1,0.0019801980198019802
BART,C4,unfair,1,0.0019801980198019802
BART,C4,unpredictable,1,0.0019801980198019802
BART,C4,unstable,1,0.0019801980198019802
BART,C4,useful,1,0.0019801980198019802
BART,C4,which,1,0.0019801980198019802
BART,C4,widely,1,0.0019801980198019802
DeepSeek,C3,[,5,0.11627906976744186
DeepSeek,C3,not,3,0.06976744186046512
DeepSeek,C3,(,2,0.046511627906976744
DeepSeek,C3,but,2,0.046511627906976744
DeepSeek,C3,.,1,0.023255813953488372
DeepSeek,C3,Brown,1,0.023255813953488372
DeepSeek,C3,By,1,0.023255813953488372
DeepSeek,C3,Error,1,0.023255813953488372
DeepSeek,C3,However,1,0.023255813953488372
DeepSeek,C3,Moreover,1,0.023255813953488372
DeepSeek,C3,On,1,0.023255813953488372
DeepSeek,C3,Zhu,1,0.023255813953488372
DeepSeek,C3,achieved,1,0.023255813953488372
DeepSeek,C3,achieves,1,0.023255813953488372
DeepSeek,C3,adopt,1,0.023255813953488372
DeepSeek,C3,applications,1,0.023255813953488372
DeepSeek,C3,between,1,0.023255813953488372
DeepSeek,C3,cannot,1,0.023255813953488372
DeepSeek,C3,competitive,1,0.023255813953488372
DeepSeek,C3,completely,1,0.023255813953488372
DeepSeek,C3,cover,1,0.023255813953488372
DeepSeek,C3,demonstrated,1,0.023255813953488372
DeepSeek,C3,dubious,1,0.023255813953488372
DeepSeek,C3,effectiveness,1,0.023255813953488372
DeepSeek,C3,false,1,0.023255813953488372
DeepSeek,C3,good,1,0.023255813953488372
DeepSeek,C3,in,1,0.023255813953488372
DeepSeek,C3,lacks,1,0.023255813953488372
DeepSeek,C3,outperform,1,0.023255813953488372
DeepSeek,C3,showed,1,0.023255813953488372
DeepSeek,C3,than,1,0.023255813953488372
DeepSeek,C3,their,1,0.023255813953488372
DeepSeek,C3,using,1,0.023255813953488372
DeepSeek,C3,well,1,0.023255813953488372
DeepSeek,C3,which,1,0.023255813953488372
DeepSeek,C4,[,86,0.17551020408163265
DeepSeek,C4,(,35,0.07142857142857142
DeepSeek,C4,not,30,0.061224489795918366
DeepSeek,C4,)',22,0.044897959183673466
DeepSeek,C4,learning,20,0.04081632653061224
DeepSeek,C4,",",11,0.022448979591836733
DeepSeek,C4,),9,0.018367346938775512
DeepSeek,C4,1,8,0.0163265306122449
DeepSeek,C4,Deep,7,0.014285714285714285
DeepSeek,C4,overlooks,7,0.014285714285714285
DeepSeek,C4,exceptional,6,0.012244897959183673
DeepSeek,C4,suffered,6,0.012244897959183673
DeepSeek,C4,"),",5,0.01020408163265306
DeepSeek,C4,.,5,0.01020408163265306
DeepSeek,C4,excessive,5,0.01020408163265306
DeepSeek,C4,3,4,0.00816326530612245
DeepSeek,C4,The,4,0.00816326530612245
DeepSeek,C4,al,4,0.00816326530612245
DeepSeek,C4,demonstrated,4,0.00816326530612245
DeepSeek,C4,et,4,0.00816326530612245
DeepSeek,C4,provided,4,0.00816326530612245
DeepSeek,C4,Brown,3,0.006122448979591836
DeepSeek,C4,While,3,0.006122448979591836
DeepSeek,C4,innovative,3,0.006122448979591836
DeepSeek,C4,proposed,3,0.006122448979591836
DeepSeek,C4,reduced,3,0.006122448979591836
DeepSeek,C4,states,3,0.006122448979591836
DeepSeek,C4,the,3,0.006122448979591836
DeepSeek,C4,unnecessary,3,0.006122448979591836
DeepSeek,C4,using,3,0.006122448979591836
DeepSeek,C4,2,2,0.004081632653061225
DeepSeek,C4,4,2,0.004081632653061225
DeepSeek,C4,9,2,0.004081632653061225
DeepSeek,C4,However,2,0.004081632653061225
DeepSeek,C4,In,2,0.004081632653061225
DeepSeek,C4,Our,2,0.004081632653061225
DeepSeek,C4,Pap,2,0.004081632653061225
DeepSeek,C4,achieved,2,0.004081632653061225
DeepSeek,C4,but,2,0.004081632653061225
DeepSeek,C4,by,2,0.004081632653061225
DeepSeek,C4,developed,2,0.004081632653061225
DeepSeek,C4,in,2,0.004081632653061225
DeepSeek,C4,inadequate,2,0.004081632653061225
DeepSeek,C4,inefficient,2,0.004081632653061225
DeepSeek,C4,it,2,0.004081632653061225
DeepSeek,C4,no,2,0.004081632653061225
DeepSeek,C4,provide,2,0.004081632653061225
DeepSeek,C4,seminal,2,0.004081632653061225
DeepSeek,C4,suffers,2,0.004081632653061225
DeepSeek,C4,we,2,0.004081632653061225
DeepSeek,C4,".,",1,0.0020408163265306124
DeepSeek,C4,/,1,0.0020408163265306124
DeepSeek,C4,5,1,0.0020408163265306124
DeepSeek,C4,7,1,0.0020408163265306124
DeepSeek,C4,8,1,0.0020408163265306124
DeepSeek,C4,AI,1,0.0020408163265306124
DeepSeek,C4,Adams,1,0.0020408163265306124
DeepSeek,C4,After,1,0.0020408163265306124
DeepSeek,C4,As,1,0.0020408163265306124
DeepSeek,C4,Berg,1,0.0020408163265306124
DeepSeek,C4,Chen,1,0.0020408163265306124
DeepSeek,C4,Close,1,0.0020408163265306124
DeepSeek,C4,Collins,1,0.0020408163265306124
DeepSeek,C4,Despite,1,0.0020408163265306124
DeepSeek,C4,F,1,0.0020408163265306124
DeepSeek,C4,FG,1,0.0020408163265306124
DeepSeek,C4,IC,1,0.0020408163265306124
DeepSeek,C4,IT,1,0.0020408163265306124
DeepSeek,C4,King,1,0.0020408163265306124
DeepSeek,C4,Li,1,0.0020408163265306124
DeepSeek,C4,Marc,1,0.0020408163265306124
DeepSeek,C4,Miller,1,0.0020408163265306124
DeepSeek,C4,Most,1,0.0020408163265306124
DeepSeek,C4,One,1,0.0020408163265306124
DeepSeek,C4,Ro,1,0.0020408163265306124
DeepSeek,C4,Schmidt,1,0.0020408163265306124
DeepSeek,C4,Section,1,0.0020408163265306124
DeepSeek,C4,Statistical,1,0.0020408163265306124
DeepSeek,C4,Table,1,0.0020408163265306124
DeepSeek,C4,To,1,0.0020408163265306124
DeepSeek,C4,White,1,0.0020408163265306124
DeepSeek,C4,achieve,1,0.0020408163265306124
DeepSeek,C4,achieves,1,0.0020408163265306124
DeepSeek,C4,achieving,1,0.0020408163265306124
DeepSeek,C4,agreement,1,0.0020408163265306124
DeepSeek,C4,allows,1,0.0020408163265306124
DeepSeek,C4,an,1,0.0020408163265306124
DeepSeek,C4,and,1,0.0020408163265306124
DeepSeek,C4,annot,1,0.0020408163265306124
DeepSeek,C4,approximations,1,0.0020408163265306124
DeepSeek,C4,are,1,0.0020408163265306124
DeepSeek,C4,as,1,0.0020408163265306124
DeepSeek,C4,at,1,0.0020408163265306124
DeepSeek,C4,bank,1,0.0020408163265306124
DeepSeek,C4,banks,1,0.0020408163265306124
DeepSeek,C4,bin,1,0.0020408163265306124
DeepSeek,C4,compelling,1,0.0020408163265306124
DeepSeek,C4,compromised,1,0.0020408163265306124
DeepSeek,C4,concerns,1,0.0020408163265306124
DeepSeek,C4,cores,1,0.0020408163265306124
DeepSeek,C4,data,1,0.0020408163265306124
DeepSeek,C4,deb,1,0.0020408163265306124
DeepSeek,C4,discussed,1,0.0020408163265306124
DeepSeek,C4,does,1,0.0020408163265306124
DeepSeek,C4,elegantly,1,0.0020408163265306124
DeepSeek,C4,enabled,1,0.0020408163265306124
DeepSeek,C4,enhances,1,0.0020408163265306124
DeepSeek,C4,errone,1,0.0020408163265306124
DeepSeek,C4,exemplary,1,0.0020408163265306124
DeepSeek,C4,exemplified,1,0.0020408163265306124
DeepSeek,C4,expertly,1,0.0020408163265306124
DeepSeek,C4,extraction,1,0.0020408163265306124
DeepSeek,C4,facilitates,1,0.0020408163265306124
DeepSeek,C4,fail,1,0.0020408163265306124
DeepSeek,C4,failed,1,0.0020408163265306124
DeepSeek,C4,fails,1,0.0020408163265306124
DeepSeek,C4,features,1,0.0020408163265306124
DeepSeek,C4,figure,1,0.0020408163265306124
DeepSeek,C4,for,1,0.0020408163265306124
DeepSeek,C4,guaranteed,1,0.0020408163265306124
DeepSeek,C4,has,1,0.0020408163265306124
DeepSeek,C4,high,1,0.0020408163265306124
DeepSeek,C4,highlighted,1,0.0020408163265306124
DeepSeek,C4,ignore,1,0.0020408163265306124
DeepSeek,C4,ignores,1,0.0020408163265306124
DeepSeek,C4,impractical,1,0.0020408163265306124
DeepSeek,C4,inconsistencies,1,0.0020408163265306124
DeepSeek,C4,ineffective,1,0.0020408163265306124
DeepSeek,C4,initiated,1,0.0020408163265306124
DeepSeek,C4,inkel,1,0.0020408163265306124
DeepSeek,C4,insensitive,1,0.0020408163265306124
DeepSeek,C4,instability,1,0.0020408163265306124
DeepSeek,C4,introduced,1,0.0020408163265306124
DeepSeek,C4,is,1,0.0020408163265306124
DeepSeek,C4,limit,1,0.0020408163265306124
DeepSeek,C4,maintains,1,0.0020408163265306124
DeepSeek,C4,mapping,1,0.0020408163265306124
DeepSeek,C4,mistakes,1,0.0020408163265306124
DeepSeek,C4,n,1,0.0020408163265306124
DeepSeek,C4,nap,1,0.0020408163265306124
DeepSeek,C4,needs,1,0.0020408163265306124
DeepSeek,C4,obsolete,1,0.0020408163265306124
DeepSeek,C4,of,1,0.0020408163265306124
DeepSeek,C4,only,1,0.0020408163265306124
DeepSeek,C4,outperform,1,0.0020408163265306124
DeepSeek,C4,over,1,0.0020408163265306124
DeepSeek,C4,overhead,1,0.0020408163265306124
DeepSeek,C4,overly,1,0.0020408163265306124
DeepSeek,C4,overs,1,0.0020408163265306124
DeepSeek,C4,pairs,1,0.0020408163265306124
DeepSeek,C4,paper,1,0.0020408163265306124
DeepSeek,C4,phases,1,0.0020408163265306124
DeepSeek,C4,presented,1,0.0020408163265306124
DeepSeek,C4,presents,1,0.0020408163265306124
DeepSeek,C4,promising,1,0.0020408163265306124
DeepSeek,C4,recent,1,0.0020408163265306124
DeepSeek,C4,reliance,1,0.0020408163265306124
DeepSeek,C4,remarkable,1,0.0020408163265306124
DeepSeek,C4,ron,1,0.0020408163265306124
DeepSeek,C4,semi,1,0.0020408163265306124
DeepSeek,C4,sentences,1,0.0020408163265306124
DeepSeek,C4,set,1,0.0020408163265306124
DeepSeek,C4,significant,1,0.0020408163265306124
DeepSeek,C4,similarly,1,0.0020408163265306124
DeepSeek,C4,since,1,0.0020408163265306124
DeepSeek,C4,solves,1,0.0020408163265306124
DeepSeek,C4,some,1,0.0020408163265306124
DeepSeek,C4,ss,1,0.0020408163265306124
DeepSeek,C4,strong,1,0.0020408163265306124
DeepSeek,C4,substantial,1,0.0020408163265306124
DeepSeek,C4,success,1,0.0020408163265306124
DeepSeek,C4,such,1,0.0020408163265306124
DeepSeek,C4,tags,1,0.0020408163265306124
DeepSeek,C4,than,1,0.0020408163265306124
DeepSeek,C4,that,1,0.0020408163265306124
DeepSeek,C4,this,1,0.0020408163265306124
DeepSeek,C4,three,1,0.0020408163265306124
DeepSeek,C4,to,1,0.0020408163265306124
DeepSeek,C4,translation,1,0.0020408163265306124
DeepSeek,C4,unfair,1,0.0020408163265306124
DeepSeek,C4,unrealistic,1,0.0020408163265306124
DeepSeek,C4,unstable,1,0.0020408163265306124
DeepSeek,C4,useful,1,0.0020408163265306124
DeepSeek,C4,utilize,1,0.0020408163265306124
DeepSeek,C4,was,1,0.0020408163265306124
DeepSeek,C4,while,1,0.0020408163265306124
DeepSeek,C4,work,1,0.0020408163265306124
LLaMA3,C3,(,2,0.07407407407407407
LLaMA3,C3,",",2,0.07407407407407407
LLaMA3,C3,),1,0.037037037037037035
LLaMA3,C3,)),1,0.037037037037037035
LLaMA3,C3,-known,1,0.037037037037037035
LLaMA3,C3,D,1,0.037037037037037035
LLaMA3,C3,The,1,0.037037037037037035
LLaMA3,C3,Zhu,1,0.037037037037037035
LLaMA3,C3,cannot,1,0.037037037037037035
LLaMA3,C3,demonstrated,1,0.037037037037037035
LLaMA3,C3,extensive,1,0.037037037037037035
LLaMA3,C3,good,1,0.037037037037037035
LLaMA3,C3,iao,1,0.037037037037037035
LLaMA3,C3,important,1,0.037037037037037035
LLaMA3,C3,interesting,1,0.037037037037037035
LLaMA3,C3,method,1,0.037037037037037035
LLaMA3,C3,not,1,0.037037037037037035
LLaMA3,C3,popular,1,0.037037037037037035
LLaMA3,C3,promotes,1,0.037037037037037035
LLaMA3,C3,satisfying,1,0.037037037037037035
LLaMA3,C3,suffers,1,0.037037037037037035
LLaMA3,C3,surprisingly,1,0.037037037037037035
LLaMA3,C3,the,1,0.037037037037037035
LLaMA3,C3,well,1,0.037037037037037035
LLaMA3,C3,workshop,1,0.037037037037037035
LLaMA3,C4,)',40,0.078125
LLaMA3,C4,not,35,0.068359375
LLaMA3,C4,The,26,0.05078125
LLaMA3,C4,.,24,0.046875
LLaMA3,C4,202,21,0.041015625
LLaMA3,C4,learning,21,0.041015625
LLaMA3,C4,(,19,0.037109375
LLaMA3,C4,",",19,0.037109375
LLaMA3,C4,),12,0.0234375
LLaMA3,C4,demonstrates,9,0.017578125
LLaMA3,C4,without,9,0.017578125
LLaMA3,C4,While,7,0.013671875
LLaMA3,C4,199,6,0.01171875
LLaMA3,C4,and,6,0.01171875
LLaMA3,C4,rapid,5,0.009765625
LLaMA3,C4,limitations,4,0.0078125
LLaMA3,C4,unnecessary,4,0.0078125
LLaMA3,C4,"),",3,0.005859375
LLaMA3,C4,2,3,0.005859375
LLaMA3,C4,200,3,0.005859375
LLaMA3,C4,In,3,0.005859375
LLaMA3,C4,We,3,0.005859375
LLaMA3,C4,[,3,0.005859375
LLaMA3,C4,impr,3,0.005859375
LLaMA3,C4,inadequate,3,0.005859375
LLaMA3,C4,inefficient,3,0.005859375
LLaMA3,C4,introduces,3,0.005859375
LLaMA3,C4,is,3,0.005859375
LLaMA3,C4,states,3,0.005859375
LLaMA3,C4,suffered,3,0.005859375
LLaMA3,C4,).,2,0.00390625
LLaMA3,C4,5,2,0.00390625
LLaMA3,C4,As,2,0.00390625
LLaMA3,C4,Deep,2,0.00390625
LLaMA3,C4,Furthermore,2,0.00390625
LLaMA3,C4,To,2,0.00390625
LLaMA3,C4,achieves,2,0.00390625
LLaMA3,C4,concerns,2,0.00390625
LLaMA3,C4,errone,2,0.00390625
LLaMA3,C4,excessive,2,0.00390625
LLaMA3,C4,in,2,0.00390625
LLaMA3,C4,incompatible,2,0.00390625
LLaMA3,C4,inconsistencies,2,0.00390625
LLaMA3,C4,ineffective,2,0.00390625
LLaMA3,C4,innovative,2,0.00390625
LLaMA3,C4,missing,2,0.00390625
LLaMA3,C4,model,2,0.00390625
LLaMA3,C4,no,2,0.00390625
LLaMA3,C4,of,2,0.00390625
LLaMA3,C4,on,2,0.00390625
LLaMA3,C4,parser,2,0.00390625
LLaMA3,C4,presented,2,0.00390625
LLaMA3,C4,seminal,2,0.00390625
LLaMA3,C4,strong,2,0.00390625
LLaMA3,C4,substantial,2,0.00390625
LLaMA3,C4,the,2,0.00390625
LLaMA3,C4,using,2,0.00390625
LLaMA3,C4,valuable,2,0.00390625
LLaMA3,C4,'s,1,0.001953125
LLaMA3,C4,(G,1,0.001953125
LLaMA3,C4,(W,1,0.001953125
LLaMA3,C4,".,",1,0.001953125
LLaMA3,C4,272,1,0.001953125
LLaMA3,C4,318,1,0.001953125
LLaMA3,C4,68,1,0.001953125
LLaMA3,C4,692,1,0.001953125
LLaMA3,C4,7,1,0.001953125
LLaMA3,C4,?,1,0.001953125
LLaMA3,C4,Additionally,1,0.001953125
LLaMA3,C4,Also,1,0.001953125
LLaMA3,C4,Alternatively,1,0.001953125
LLaMA3,C4,Another,1,0.001953125
LLaMA3,C4,BLE,1,0.001953125
LLaMA3,C4,F,1,0.001953125
LLaMA3,C4,However,1,0.001953125
LLaMA3,C4,Instead,1,0.001953125
LLaMA3,C4,It,1,0.001953125
LLaMA3,C4,K,1,0.001953125
LLaMA3,C4,L,1,0.001953125
LLaMA3,C4,LOCATION,1,0.001953125
LLaMA3,C4,No,1,0.001953125
LLaMA3,C4,One,1,0.001953125
LLaMA3,C4,Phrase,1,0.001953125
LLaMA3,C4,Second,1,0.001953125
LLaMA3,C4,Statistical,1,0.001953125
LLaMA3,C4,When,1,0.001953125
LLaMA3,C4,Wu,1,0.001953125
LLaMA3,C4,a,1,0.001953125
LLaMA3,C4,about,1,0.001953125
LLaMA3,C4,accurate,1,0.001953125
LLaMA3,C4,achieving,1,0.001953125
LLaMA3,C4,al,1,0.001953125
LLaMA3,C4,algorithm,1,0.001953125
LLaMA3,C4,an,1,0.001953125
LLaMA3,C4,applications,1,0.001953125
LLaMA3,C4,approach,1,0.001953125
LLaMA3,C4,ase,1,0.001953125
LLaMA3,C4,attempts,1,0.001953125
LLaMA3,C4,attractive,1,0.001953125
LLaMA3,C4,bank,1,0.001953125
LLaMA3,C4,become,1,0.001953125
LLaMA3,C4,becoming,1,0.001953125
LLaMA3,C4,cannot,1,0.001953125
LLaMA3,C4,careful,1,0.001953125
LLaMA3,C4,compare,1,0.001953125
LLaMA3,C4,compelling,1,0.001953125
LLaMA3,C4,compromised,1,0.001953125
LLaMA3,C4,concept,1,0.001953125
LLaMA3,C4,continuous,1,0.001953125
LLaMA3,C4,contrad,1,0.001953125
LLaMA3,C4,contradictory,1,0.001953125
LLaMA3,C4,deb,1,0.001953125
LLaMA3,C4,deep,1,0.001953125
LLaMA3,C4,developed,1,0.001953125
LLaMA3,C4,differences,1,0.001953125
LLaMA3,C4,dis,1,0.001953125
LLaMA3,C4,discouraged,1,0.001953125
LLaMA3,C4,each,1,0.001953125
LLaMA3,C4,effectively,1,0.001953125
LLaMA3,C4,eh,1,0.001953125
LLaMA3,C4,eleg,1,0.001953125
LLaMA3,C4,exemplary,1,0.001953125
LLaMA3,C4,expensive,1,0.001953125
LLaMA3,C4,fail,1,0.001953125
LLaMA3,C4,failed,1,0.001953125
LLaMA3,C4,fails,1,0.001953125
LLaMA3,C4,falls,1,0.001953125
LLaMA3,C4,feature,1,0.001953125
LLaMA3,C4,features,1,0.001953125
LLaMA3,C4,have,1,0.001953125
LLaMA3,C4,head,1,0.001953125
LLaMA3,C4,holds,1,0.001953125
LLaMA3,C4,ignores,1,0.001953125
LLaMA3,C4,impacting,1,0.001953125
LLaMA3,C4,improves,1,0.001953125
LLaMA3,C4,increasing,1,0.001953125
LLaMA3,C4,initiated,1,0.001953125
LLaMA3,C4,ins,1,0.001953125
LLaMA3,C4,instability,1,0.001953125
LLaMA3,C4,introduced,1,0.001953125
LLaMA3,C4,ky,1,0.001953125
LLaMA3,C4,l,1,0.001953125
LLaMA3,C4,lacks,1,0.001953125
LLaMA3,C4,limiting,1,0.001953125
LLaMA3,C4,makes,1,0.001953125
LLaMA3,C4,meticulously,1,0.001953125
LLaMA3,C4,needs,1,0.001953125
LLaMA3,C4,obsolete,1,0.001953125
LLaMA3,C4,optimal,1,0.001953125
LLaMA3,C4,our,1,0.001953125
LLaMA3,C4,out,1,0.001953125
LLaMA3,C4,outdated,1,0.001953125
LLaMA3,C4,outstanding,1,0.001953125
LLaMA3,C4,overhead,1,0.001953125
LLaMA3,C4,overly,1,0.001953125
LLaMA3,C4,overst,1,0.001953125
LLaMA3,C4,paper,1,0.001953125
LLaMA3,C4,parsing,1,0.001953125
LLaMA3,C4,perform,1,0.001953125
LLaMA3,C4,performance,1,0.001953125
LLaMA3,C4,popular,1,0.001953125
LLaMA3,C4,practical,1,0.001953125
LLaMA3,C4,presents,1,0.001953125
LLaMA3,C4,promising,1,0.001953125
LLaMA3,C4,proposed,1,0.001953125
LLaMA3,C4,provides,1,0.001953125
LLaMA3,C4,refined,1,0.001953125
LLaMA3,C4,remains,1,0.001953125
LLaMA3,C4,remarkable,1,0.001953125
LLaMA3,C4,researchers,1,0.001953125
LLaMA3,C4,rigorous,1,0.001953125
LLaMA3,C4,robust,1,0.001953125
LLaMA3,C4,ropy,1,0.001953125
LLaMA3,C4,same,1,0.001953125
LLaMA3,C4,satisfactory,1,0.001953125
LLaMA3,C4,sector,1,0.001953125
LLaMA3,C4,seeds,1,0.001953125
LLaMA3,C4,seeking,1,0.001953125
LLaMA3,C4,set,1,0.001953125
LLaMA3,C4,severely,1,0.001953125
LLaMA3,C4,significant,1,0.001953125
LLaMA3,C4,simple,1,0.001953125
LLaMA3,C4,simplest,1,0.001953125
LLaMA3,C4,source,1,0.001953125
LLaMA3,C4,starting,1,0.001953125
LLaMA3,C4,straightforward,1,0.001953125
LLaMA3,C4,success,1,0.001953125
LLaMA3,C4,systems,1,0.001953125
LLaMA3,C4,text,1,0.001953125
LLaMA3,C4,than,1,0.001953125
LLaMA3,C4,their,1,0.001953125
LLaMA3,C4,those,1,0.001953125
LLaMA3,C4,trained,1,0.001953125
LLaMA3,C4,training,1,0.001953125
LLaMA3,C4,trap,1,0.001953125
LLaMA3,C4,underscores,1,0.001953125
LLaMA3,C4,unfair,1,0.001953125
LLaMA3,C4,unrealistic,1,0.001953125
LLaMA3,C4,unreliable,1,0.001953125
LLaMA3,C4,unstable,1,0.001953125
LLaMA3,C4,usefulness,1,0.001953125
LLaMA3,C4,wait,1,0.001953125
LLaMA3,C4,where,1,0.001953125
LLaMA3,C4,which,1,0.001953125
LLaMA3,C4,wide,1,0.001953125
LLaMA3,C4,wise,1,0.001953125
LLaMA3,C4,word,1,0.001953125
LLaMA3,C4,yields,1,0.001953125
RoBERTa,C3,2007,4,0.0851063829787234
RoBERTa,C3,not,3,0.06382978723404255
RoBERTa,C3,1997,2,0.0425531914893617
RoBERTa,C3,outper,2,0.0425531914893617
RoBERTa,C3,),1,0.02127659574468085
RoBERTa,C3,)),1,0.02127659574468085
RoBERTa,C3,"),",1,0.02127659574468085
RoBERTa,C3,",",1,0.02127659574468085
RoBERTa,C3,1995,1,0.02127659574468085
RoBERTa,C3,2002,1,0.02127659574468085
RoBERTa,C3,2008,1,0.02127659574468085
RoBERTa,C3,2024,1,0.02127659574468085
RoBERTa,C3,2025,1,0.02127659574468085
RoBERTa,C3,23,1,0.02127659574468085
RoBERTa,C3,Wu,1,0.02127659574468085
RoBERTa,C3,ably,1,0.02127659574468085
RoBERTa,C3,accurate,1,0.02127659574468085
RoBERTa,C3,and,1,0.02127659574468085
RoBERTa,C3,competitive,1,0.02127659574468085
RoBERTa,C3,date,1,0.02127659574468085
RoBERTa,C3,demonstrated,1,0.02127659574468085
RoBERTa,C3,easy,1,0.02127659574468085
RoBERTa,C3,equally,1,0.02127659574468085
RoBERTa,C3,facilitates,1,0.02127659574468085
RoBERTa,C3,gives,1,0.02127659574468085
RoBERTa,C3,gold,1,0.02127659574468085
RoBERTa,C3,highlighted,1,0.02127659574468085
RoBERTa,C3,known,1,0.02127659574468085
RoBERTa,C3,lacks,1,0.02127659574468085
RoBERTa,C3,methodology,1,0.02127659574468085
RoBERTa,C3,modeled,1,0.02127659574468085
RoBERTa,C3,popular,1,0.02127659574468085
RoBERTa,C3,quality,1,0.02127659574468085
RoBERTa,C3,reasonable,1,0.02127659574468085
RoBERTa,C3,robust,1,0.02127659574468085
RoBERTa,C3,significantly,1,0.02127659574468085
RoBERTa,C3,stronger,1,0.02127659574468085
RoBERTa,C3,unnecessary,1,0.02127659574468085
RoBERTa,C3,was,1,0.02127659574468085
RoBERTa,C3,well,1,0.02127659574468085
RoBERTa,C4,[,61,0.12398373983739837
RoBERTa,C4,)',33,0.06707317073170732
RoBERTa,C4,The,21,0.042682926829268296
RoBERTa,C4,2003,18,0.036585365853658534
RoBERTa,C4,2024,14,0.028455284552845527
RoBERTa,C4,2025,14,0.028455284552845527
RoBERTa,C4,1996,10,0.02032520325203252
RoBERTa,C4,1993,9,0.018292682926829267
RoBERTa,C4,2019,9,0.018292682926829267
RoBERTa,C4,),8,0.016260162601626018
RoBERTa,C4,2022,8,0.016260162601626018
RoBERTa,C4,Furthermore,8,0.016260162601626018
RoBERTa,C4,(,7,0.014227642276422764
RoBERTa,C4,.,7,0.014227642276422764
RoBERTa,C4,1997,7,0.014227642276422764
RoBERTa,C4,23,7,0.014227642276422764
RoBERTa,C4,1990,6,0.012195121951219513
RoBERTa,C4,2002,6,0.012195121951219513
RoBERTa,C4,],6,0.012195121951219513
RoBERTa,C4,demonstrates,6,0.012195121951219513
RoBERTa,C4,2006,5,0.01016260162601626
RoBERTa,C4,2021,5,0.01016260162601626
RoBERTa,C4,learning,5,0.01016260162601626
RoBERTa,C4,Additionally,4,0.008130081300813009
RoBERTa,C4,deep,4,0.008130081300813009
RoBERTa,C4,manipulation,4,0.008130081300813009
RoBERTa,C4,1992,3,0.006097560975609756
RoBERTa,C4,1995,3,0.006097560975609756
RoBERTa,C4,20,3,0.006097560975609756
RoBERTa,C4,2004,3,0.006097560975609756
RoBERTa,C4,].,3,0.006097560975609756
RoBERTa,C4,developed,3,0.006097560975609756
RoBERTa,C4,effectively,3,0.006097560975609756
RoBERTa,C4,expensive,3,0.006097560975609756
RoBERTa,C4,new,3,0.006097560975609756
RoBERTa,C4,unimaginable,3,0.006097560975609756
RoBERTa,C4,"),",2,0.0040650406504065045
RoBERTa,C4,",",2,0.0040650406504065045
RoBERTa,C4,2005,2,0.0040650406504065045
RoBERTa,C4,2008,2,0.0040650406504065045
RoBERTa,C4,2020,2,0.0040650406504065045
RoBERTa,C4,acceptable,2,0.0040650406504065045
RoBERTa,C4,algorithms,2,0.0040650406504065045
RoBERTa,C4,and,2,0.0040650406504065045
RoBERTa,C4,best,2,0.0040650406504065045
RoBERTa,C4,capabilities,2,0.0040650406504065045
RoBERTa,C4,does,2,0.0040650406504065045
RoBERTa,C4,emerging,2,0.0040650406504065045
RoBERTa,C4,growing,2,0.0040650406504065045
RoBERTa,C4,guaranteed,2,0.0040650406504065045
RoBERTa,C4,implementations,2,0.0040650406504065045
RoBERTa,C4,known,2,0.0040650406504065045
RoBERTa,C4,need,2,0.0040650406504065045
RoBERTa,C4,parser,2,0.0040650406504065045
RoBERTa,C4,quality,2,0.0040650406504065045
RoBERTa,C4,substantial,2,0.0040650406504065045
RoBERTa,C4,suitable,2,0.0040650406504065045
RoBERTa,C4,technology,2,0.0040650406504065045
RoBERTa,C4,the,2,0.0040650406504065045
RoBERTa,C4,used,2,0.0040650406504065045
RoBERTa,C4,useful,2,0.0040650406504065045
RoBERTa,C4,we,2,0.0040650406504065045
RoBERTa,C4,which,2,0.0040650406504065045
RoBERTa,C4,).,1,0.0020325203252032522
RoBERTa,C4,-,1,0.0020325203252032522
RoBERTa,C4,".,",1,0.0020325203252032522
RoBERTa,C4,2000,1,0.0020325203252032522
RoBERTa,C4,2007,1,0.0020325203252032522
RoBERTa,C4,2012,1,0.0020325203252032522
RoBERTa,C4,2014,1,0.0020325203252032522
RoBERTa,C4,2016,1,0.0020325203252032522
RoBERTa,C4,26,1,0.0020325203252032522
RoBERTa,C4,58,1,0.0020325203252032522
RoBERTa,C4,Compared,1,0.0020325203252032522
RoBERTa,C4,Despite,1,0.0020325203252032522
RoBERTa,C4,Each,1,0.0020325203252032522
RoBERTa,C4,Here,1,0.0020325203252032522
RoBERTa,C4,However,1,0.0020325203252032522
RoBERTa,C4,I,1,0.0020325203252032522
RoBERTa,C4,If,1,0.0020325203252032522
RoBERTa,C4,Ms,1,0.0020325203252032522
RoBERTa,C4,One,1,0.0020325203252032522
RoBERTa,C4,Stanford,1,0.0020325203252032522
RoBERTa,C4,Taylor,1,0.0020325203252032522
RoBERTa,C4,While,1,0.0020325203252032522
RoBERTa,C4,a,1,0.0020325203252032522
RoBERTa,C4,actively,1,0.0020325203252032522
RoBERTa,C4,advancements,1,0.0020325203252032522
RoBERTa,C4,against,1,0.0020325203252032522
RoBERTa,C4,another,1,0.0020325203252032522
RoBERTa,C4,applicable,1,0.0020325203252032522
RoBERTa,C4,as,1,0.0020325203252032522
RoBERTa,C4,assumed,1,0.0020325203252032522
RoBERTa,C4,ations,1,0.0020325203252032522
RoBERTa,C4,atively,1,0.0020325203252032522
RoBERTa,C4,averaged,1,0.0020325203252032522
RoBERTa,C4,can,1,0.0020325203252032522
RoBERTa,C4,cannot,1,0.0020325203252032522
RoBERTa,C4,challenges,1,0.0020325203252032522
RoBERTa,C4,classification,1,0.0020325203252032522
RoBERTa,C4,coefficient,1,0.0020325203252032522
RoBERTa,C4,compare,1,0.0020325203252032522
RoBERTa,C4,competitive,1,0.0020325203252032522
RoBERTa,C4,concern,1,0.0020325203252032522
RoBERTa,C4,concerns,1,0.0020325203252032522
RoBERTa,C4,convenient,1,0.0020325203252032522
RoBERTa,C4,corpus,1,0.0020325203252032522
RoBERTa,C4,demonstrated,1,0.0020325203252032522
RoBERTa,C4,effectiveness,1,0.0020325203252032522
RoBERTa,C4,emphasized,1,0.0020325203252032522
RoBERTa,C4,enhancing,1,0.0020325203252032522
RoBERTa,C4,ensitive,1,0.0020325203252032522
RoBERTa,C4,exemplary,1,0.0020325203252032522
RoBERTa,C4,extension,1,0.0020325203252032522
RoBERTa,C4,fails,1,0.0020325203252032522
RoBERTa,C4,fairly,1,0.0020325203252032522
RoBERTa,C4,falls,1,0.0020325203252032522
RoBERTa,C4,feature,1,0.0020325203252032522
RoBERTa,C4,good,1,0.0020325203252032522
RoBERTa,C4,high,1,0.0020325203252032522
RoBERTa,C4,highlights,1,0.0020325203252032522
RoBERTa,C4,highly,1,0.0020325203252032522
RoBERTa,C4,improves,1,0.0020325203252032522
RoBERTa,C4,improving,1,0.0020325203252032522
RoBERTa,C4,increases,1,0.0020325203252032522
RoBERTa,C4,industries,1,0.0020325203252032522
RoBERTa,C4,infinite,1,0.0020325203252032522
RoBERTa,C4,instance,1,0.0020325203252032522
RoBERTa,C4,interesting,1,0.0020325203252032522
RoBERTa,C4,introduced,1,0.0020325203252032522
RoBERTa,C4,is,1,0.0020325203252032522
RoBERTa,C4,making,1,0.0020325203252032522
RoBERTa,C4,most,1,0.0020325203252032522
RoBERTa,C4,noisy,1,0.0020325203252032522
RoBERTa,C4,noted,1,0.0020325203252032522
RoBERTa,C4,novel,1,0.0020325203252032522
RoBERTa,C4,one,1,0.0020325203252032522
RoBERTa,C4,optimize,1,0.0020325203252032522
RoBERTa,C4,or,1,0.0020325203252032522
RoBERTa,C4,parse,1,0.0020325203252032522
RoBERTa,C4,paste,1,0.0020325203252032522
RoBERTa,C4,polymer,1,0.0020325203252032522
RoBERTa,C4,popular,1,0.0020325203252032522
RoBERTa,C4,practical,1,0.0020325203252032522
RoBERTa,C4,promising,1,0.0020325203252032522
RoBERTa,C4,promotes,1,0.0020325203252032522
RoBERTa,C4,provide,1,0.0020325203252032522
RoBERTa,C4,provided,1,0.0020325203252032522
RoBERTa,C4,purposes,1,0.0020325203252032522
RoBERTa,C4,reduced,1,0.0020325203252032522
RoBERTa,C4,remarkable,1,0.0020325203252032522
RoBERTa,C4,researchers,1,0.0020325203252032522
RoBERTa,C4,revolution,1,0.0020325203252032522
RoBERTa,C4,same,1,0.0020325203252032522
RoBERTa,C4,satisfying,1,0.0020325203252032522
RoBERTa,C4,see,1,0.0020325203252032522
RoBERTa,C4,seminal,1,0.0020325203252032522
RoBERTa,C4,significantly,1,0.0020325203252032522
RoBERTa,C4,similar,1,0.0020325203252032522
RoBERTa,C4,solves,1,0.0020325203252032522
RoBERTa,C4,sophisticated,1,0.0020325203252032522
RoBERTa,C4,study,1,0.0020325203252032522
RoBERTa,C4,surpassed,1,0.0020325203252032522
RoBERTa,C4,system,1,0.0020325203252032522
RoBERTa,C4,tested,1,0.0020325203252032522
RoBERTa,C4,that,1,0.0020325203252032522
RoBERTa,C4,thoroughly,1,0.0020325203252032522
RoBERTa,C4,to,1,0.0020325203252032522
RoBERTa,C4,traces,1,0.0020325203252032522
RoBERTa,C4,und,1,0.0020325203252032522
RoBERTa,C4,uniquely,1,0.0020325203252032522
RoBERTa,C4,unlock,1,0.0020325203252032522
RoBERTa,C4,versatile,1,0.0020325203252032522
RoBERTa,C4,very,1,0.0020325203252032522
RoBERTa,C4,well,1,0.0020325203252032522
RoBERTa,C4,wide,1,0.0020325203252032522
RoBERTa,C4,will,1,0.0020325203252032522
RoBERTa,C4,with,1,0.0020325203252032522
RoBERTa,C4,word,1,0.0020325203252032522
SciBERT,C3,not,3,0.08333333333333333
SciBERT,C3,202,2,0.05555555555555555
SciBERT,C3,],2,0.05555555555555555
SciBERT,C3,no,2,0.05555555555555555
SciBERT,C3,(,1,0.027777777777777776
SciBERT,C3,),1,0.027777777777777776
SciBERT,C3,.,1,0.027777777777777776
SciBERT,C3,1992,1,0.027777777777777776
SciBERT,C3,1993,1,0.027777777777777776
SciBERT,C3,1996,1,0.027777777777777776
SciBERT,C3,2003,1,0.027777777777777776
SciBERT,C3,2007,1,0.027777777777777776
SciBERT,C3,304,1,0.027777777777777776
SciBERT,C3,accurate,1,0.027777777777777776
SciBERT,C3,attractive,1,0.027777777777777776
SciBERT,C3,competitive,1,0.027777777777777776
SciBERT,C3,facilitates,1,0.027777777777777776
SciBERT,C3,fully,1,0.027777777777777776
SciBERT,C3,high,1,0.027777777777777776
SciBERT,C3,instance,1,0.027777777777777776
SciBERT,C3,known,1,0.027777777777777776
SciBERT,C3,lacks,1,0.027777777777777776
SciBERT,C3,largest,1,0.027777777777777776
SciBERT,C3,popular,1,0.027777777777777776
SciBERT,C3,proposed,1,0.027777777777777776
SciBERT,C3,reasons,1,0.027777777777777776
SciBERT,C3,small,1,0.027777777777777776
SciBERT,C3,solution,1,0.027777777777777776
SciBERT,C3,solve,1,0.027777777777777776
SciBERT,C3,suffers,1,0.027777777777777776
SciBERT,C3,utilizing,1,0.027777777777777776
SciBERT,C4,202,52,0.10337972166998012
SciBERT,C4,.,46,0.09145129224652088
SciBERT,C4,],32,0.0636182902584493
SciBERT,C4,),26,0.05168986083499006
SciBERT,C4,not,22,0.0437375745526839
SciBERT,C4,without,9,0.017892644135188866
SciBERT,C4,(,8,0.015904572564612324
SciBERT,C4,2007,8,0.015904572564612324
SciBERT,C4,[,8,0.015904572564612324
SciBERT,C4,2003,7,0.013916500994035786
SciBERT,C4,learning,7,0.013916500994035786
SciBERT,C4,",",5,0.009940357852882704
SciBERT,C4,2002,5,0.009940357852882704
SciBERT,C4,effectively,5,0.009940357852882704
SciBERT,C4,does,4,0.007952286282306162
SciBERT,C4,improvements,4,0.007952286282306162
SciBERT,C4,1,3,0.005964214711729622
SciBERT,C4,1993,3,0.005964214711729622
SciBERT,C4,1997,3,0.005964214711729622
SciBERT,C4,2004,3,0.005964214711729622
SciBERT,C4,The,3,0.005964214711729622
SciBERT,C4,al,3,0.005964214711729622
SciBERT,C4,continues,3,0.005964214711729622
SciBERT,C4,impractical,3,0.005964214711729622
SciBERT,C4,overlo,3,0.005964214711729622
SciBERT,C4,suffered,3,0.005964214711729622
SciBERT,C4,1990,2,0.003976143141153081
SciBERT,C4,1992,2,0.003976143141153081
SciBERT,C4,2,2,0.003976143141153081
SciBERT,C4,2006,2,0.003976143141153081
SciBERT,C4,201,2,0.003976143141153081
SciBERT,C4,3,2,0.003976143141153081
SciBERT,C4,395,2,0.003976143141153081
SciBERT,C4,9,2,0.003976143141153081
SciBERT,C4,Additionally,2,0.003976143141153081
SciBERT,C4,Garcia,2,0.003976143141153081
SciBERT,C4,However,2,0.003976143141153081
SciBERT,C4,actively,2,0.003976143141153081
SciBERT,C4,but,2,0.003976143141153081
SciBERT,C4,cannot,2,0.003976143141153081
SciBERT,C4,continue,2,0.003976143141153081
SciBERT,C4,erroneous,2,0.003976143141153081
SciBERT,C4,et,2,0.003976143141153081
SciBERT,C4,exponentially,2,0.003976143141153081
SciBERT,C4,holds,2,0.003976143141153081
SciBERT,C4,hur,2,0.003976143141153081
SciBERT,C4,ignore,2,0.003976143141153081
SciBERT,C4,improve,2,0.003976143141153081
SciBERT,C4,in,2,0.003976143141153081
SciBERT,C4,incompatible,2,0.003976143141153081
SciBERT,C4,ineffective,2,0.003976143141153081
SciBERT,C4,introduced,2,0.003976143141153081
SciBERT,C4,no,2,0.003976143141153081
SciBERT,C4,only,2,0.003976143141153081
SciBERT,C4,over,2,0.003976143141153081
SciBERT,C4,paper,2,0.003976143141153081
SciBERT,C4,pressing,2,0.003976143141153081
SciBERT,C4,reducing,2,0.003976143141153081
SciBERT,C4,revolution,2,0.003976143141153081
SciBERT,C4,robust,2,0.003976143141153081
SciBERT,C4,simplest,2,0.003976143141153081
SciBERT,C4,straightforward,2,0.003976143141153081
SciBERT,C4,substantial,2,0.003976143141153081
SciBERT,C4,than,2,0.003976143141153081
SciBERT,C4,vulnerable,2,0.003976143141153081
SciBERT,C4,well,2,0.003976143141153081
SciBERT,C4,101,1,0.0019880715705765406
SciBERT,C4,16,1,0.0019880715705765406
SciBERT,C4,174,1,0.0019880715705765406
SciBERT,C4,1996,1,0.0019880715705765406
SciBERT,C4,2005,1,0.0019880715705765406
SciBERT,C4,2012,1,0.0019880715705765406
SciBERT,C4,2016,1,0.0019880715705765406
SciBERT,C4,235,1,0.0019880715705765406
SciBERT,C4,25,1,0.0019880715705765406
SciBERT,C4,314,1,0.0019880715705765406
SciBERT,C4,4,1,0.0019880715705765406
SciBERT,C4,6,1,0.0019880715705765406
SciBERT,C4,63,1,0.0019880715705765406
SciBERT,C4,69,1,0.0019880715705765406
SciBERT,C4,7,1,0.0019880715705765406
SciBERT,C4,8,1,0.0019880715705765406
SciBERT,C4,93,1,0.0019880715705765406
SciBERT,C4,95,1,0.0019880715705765406
SciBERT,C4,?,1,0.0019880715705765406
SciBERT,C4,Alternatively,1,0.0019880715705765406
SciBERT,C4,Another,1,0.0019880715705765406
SciBERT,C4,Brown,1,0.0019880715705765406
SciBERT,C4,En,1,0.0019880715705765406
SciBERT,C4,Eq,1,0.0019880715705765406
SciBERT,C4,Harris,1,0.0019880715705765406
SciBERT,C4,Jacob,1,0.0019880715705765406
SciBERT,C4,Lopez,1,0.0019880715705765406
SciBERT,C4,Our,1,0.0019880715705765406
SciBERT,C4,PERSON,1,0.0019880715705765406
SciBERT,C4,Recently,1,0.0019880715705765406
SciBERT,C4,Second,1,0.0019880715705765406
SciBERT,C4,While,1,0.0019880715705765406
SciBERT,C4,about,1,0.0019880715705765406
SciBERT,C4,acceptable,1,0.0019880715705765406
SciBERT,C4,achieved,1,0.0019880715705765406
SciBERT,C4,algorithm,1,0.0019880715705765406
SciBERT,C4,allows,1,0.0019880715705765406
SciBERT,C4,appropriately,1,0.0019880715705765406
SciBERT,C4,art,1,0.0019880715705765406
SciBERT,C4,automatically,1,0.0019880715705765406
SciBERT,C4,averaged,1,0.0019880715705765406
SciBERT,C4,avoid,1,0.0019880715705765406
SciBERT,C4,b,1,0.0019880715705765406
SciBERT,C4,becoming,1,0.0019880715705765406
SciBERT,C4,been,1,0.0019880715705765406
SciBERT,C4,best,1,0.0019880715705765406
SciBERT,C4,by,1,0.0019880715705765406
SciBERT,C4,capabilities,1,0.0019880715705765406
SciBERT,C4,commonly,1,0.0019880715705765406
SciBERT,C4,competitive,1,0.0019880715705765406
SciBERT,C4,compromised,1,0.0019880715705765406
SciBERT,C4,concern,1,0.0019880715705765406
SciBERT,C4,concerns,1,0.0019880715705765406
SciBERT,C4,conflicts,1,0.0019880715705765406
SciBERT,C4,consistent,1,0.0019880715705765406
SciBERT,C4,contradict,1,0.0019880715705765406
SciBERT,C4,debug,1,0.0019880715705765406
SciBERT,C4,definition,1,0.0019880715705765406
SciBERT,C4,demonstrated,1,0.0019880715705765406
SciBERT,C4,demonstrating,1,0.0019880715705765406
SciBERT,C4,described,1,0.0019880715705765406
SciBERT,C4,developed,1,0.0019880715705765406
SciBERT,C4,did,1,0.0019880715705765406
SciBERT,C4,disabled,1,0.0019880715705765406
SciBERT,C4,discour,1,0.0019880715705765406
SciBERT,C4,dispute,1,0.0019880715705765406
SciBERT,C4,each,1,0.0019880715705765406
SciBERT,C4,effectiveness,1,0.0019880715705765406
SciBERT,C4,employed,1,0.0019880715705765406
SciBERT,C4,essential,1,0.0019880715705765406
SciBERT,C4,exceeds,1,0.0019880715705765406
SciBERT,C4,excellent,1,0.0019880715705765406
SciBERT,C4,experiments,1,0.0019880715705765406
SciBERT,C4,extra,1,0.0019880715705765406
SciBERT,C4,failed,1,0.0019880715705765406
SciBERT,C4,fails,1,0.0019880715705765406
SciBERT,C4,fairly,1,0.0019880715705765406
SciBERT,C4,gaps,1,0.0019880715705765406
SciBERT,C4,generalize,1,0.0019880715705765406
SciBERT,C4,good,1,0.0019880715705765406
SciBERT,C4,growing,1,0.0019880715705765406
SciBERT,C4,guarantees,1,0.0019880715705765406
SciBERT,C4,help,1,0.0019880715705765406
SciBERT,C4,implemented,1,0.0019880715705765406
SciBERT,C4,important,1,0.0019880715705765406
SciBERT,C4,improvement,1,0.0019880715705765406
SciBERT,C4,improves,1,0.0019880715705765406
SciBERT,C4,inadequate,1,0.0019880715705765406
SciBERT,C4,inconsistencies,1,0.0019880715705765406
SciBERT,C4,initiated,1,0.0019880715705765406
SciBERT,C4,innovative,1,0.0019880715705765406
SciBERT,C4,insensitive,1,0.0019880715705765406
SciBERT,C4,instability,1,0.0019880715705765406
SciBERT,C4,is,1,0.0019880715705765406
SciBERT,C4,ize,1,0.0019880715705765406
SciBERT,C4,latency,1,0.0019880715705765406
SciBERT,C4,loc,1,0.0019880715705765406
SciBERT,C4,mistakes,1,0.0019880715705765406
SciBERT,C4,novel,1,0.0019880715705765406
SciBERT,C4,objects,1,0.0019880715705765406
SciBERT,C4,obs,1,0.0019880715705765406
SciBERT,C4,optimize,1,0.0019880715705765406
SciBERT,C4,outperform,1,0.0019880715705765406
SciBERT,C4,overhead,1,0.0019880715705765406
SciBERT,C4,overl,1,0.0019880715705765406
SciBERT,C4,perfect,1,0.0019880715705765406
SciBERT,C4,pill,1,0.0019880715705765406
SciBERT,C4,popular,1,0.0019880715705765406
SciBERT,C4,prohib,1,0.0019880715705765406
SciBERT,C4,promising,1,0.0019880715705765406
SciBERT,C4,promotes,1,0.0019880715705765406
SciBERT,C4,proofs,1,0.0019880715705765406
SciBERT,C4,purposes,1,0.0019880715705765406
SciBERT,C4,questionable,1,0.0019880715705765406
SciBERT,C4,rarely,1,0.0019880715705765406
SciBERT,C4,redundant,1,0.0019880715705765406
SciBERT,C4,regularly,1,0.0019880715705765406
SciBERT,C4,required,1,0.0019880715705765406
SciBERT,C4,satisfactory,1,0.0019880715705765406
SciBERT,C4,seamless,1,0.0019880715705765406
SciBERT,C4,second,1,0.0019880715705765406
SciBERT,C4,seminal,1,0.0019880715705765406
SciBERT,C4,small,1,0.0019880715705765406
SciBERT,C4,software,1,0.0019880715705765406
SciBERT,C4,starting,1,0.0019880715705765406
SciBERT,C4,state,1,0.0019880715705765406
SciBERT,C4,states,1,0.0019880715705765406
SciBERT,C4,strong,1,0.0019880715705765406
SciBERT,C4,strugg,1,0.0019880715705765406
SciBERT,C4,success,1,0.0019880715705765406
SciBERT,C4,such,1,0.0019880715705765406
SciBERT,C4,suitable,1,0.0019880715705765406
SciBERT,C4,this,1,0.0019880715705765406
SciBERT,C4,thoroughly,1,0.0019880715705765406
SciBERT,C4,too,1,0.0019880715705765406
SciBERT,C4,uation,1,0.0019880715705765406
SciBERT,C4,unf,1,0.0019880715705765406
SciBERT,C4,unim,1,0.0019880715705765406
SciBERT,C4,unnecessary,1,0.0019880715705765406
SciBERT,C4,unstable,1,0.0019880715705765406
SciBERT,C4,using,1,0.0019880715705765406
SciBERT,C4,varies,1,0.0019880715705765406
SciBERT,C4,was,1,0.0019880715705765406
SciBERT,C4,wide,1,0.0019880715705765406
SciBERT,C4,yet,1,0.0019880715705765406
T5,C3,",",4,0.12903225806451613
T5,C3,s,2,0.06451612903225806
T5,C3,),1,0.03225806451612903
T5,C3,).,1,0.03225806451612903
T5,C3,2007,1,0.03225806451612903
T5,C3,2008,1,0.03225806451612903
T5,C3,Unfortunately,1,0.03225806451612903
T5,C3,].,1,0.03225806451612903
T5,C3,adopt,1,0.03225806451612903
T5,C3,confirming,1,0.03225806451612903
T5,C3,correspondence,1,0.03225806451612903
T5,C3,describes,1,0.03225806451612903
T5,C3,fabrication,1,0.03225806451612903
T5,C3,gaz,1,0.03225806451612903
T5,C3,in,1,0.03225806451612903
T5,C3,largest,1,0.03225806451612903
T5,C3,machine,1,0.03225806451612903
T5,C3,membrane,1,0.03225806451612903
T5,C3,number,1,0.03225806451612903
T5,C3,of,1,0.03225806451612903
T5,C3,positive,1,0.03225806451612903
T5,C3,rule,1,0.03225806451612903
T5,C3,satisfactory,1,0.03225806451612903
T5,C3,the,1,0.03225806451612903
T5,C3,tuned,1,0.03225806451612903
T5,C3,used,1,0.03225806451612903
T5,C3,we,1,0.03225806451612903
T5,C4,.,65,0.1279527559055118
T5,C4,",",60,0.11811023622047244
T5,C4,(,23,0.045275590551181105
T5,C4,The,11,0.021653543307086614
T5,C4,to,11,0.021653543307086614
T5,C4,s,10,0.01968503937007874
T5,C4,and,7,0.013779527559055118
T5,C4,We,6,0.011811023622047244
T5,C4,continues,5,0.00984251968503937
T5,C4,in,5,0.00984251968503937
T5,C4,risks,5,0.00984251968503937
T5,C4,role,5,0.00984251968503937
T5,C4,),4,0.007874015748031496
T5,C4,approach,4,0.007874015748031496
T5,C4,growing,4,0.007874015748031496
T5,C4,is,4,0.007874015748031496
T5,C4,method,4,0.007874015748031496
T5,C4,overhead,4,0.007874015748031496
T5,C4,the,4,0.007874015748031496
T5,C4,without,4,0.007874015748031496
T5,C4,).,3,0.005905511811023622
T5,C4,In,3,0.005905511811023622
T5,C4,a,3,0.005905511811023622
T5,C4,backed,3,0.005905511811023622
T5,C4,d,3,0.005905511811023622
T5,C4,im,3,0.005905511811023622
T5,C4,mis,3,0.005905511811023622
T5,C4,of,3,0.005905511811023622
T5,C4,performance,3,0.005905511811023622
T5,C4,pressing,3,0.005905511811023622
T5,C4,problems,3,0.005905511811023622
T5,C4,progress,3,0.005905511811023622
T5,C4,tangible,3,0.005905511811023622
T5,C4,which,3,0.005905511811023622
T5,C4,-,2,0.003937007874015748
T5,C4,2008,2,0.003937007874015748
T5,C4,:,2,0.003937007874015748
T5,C4,English,2,0.003937007874015748
T5,C4,Our,2,0.003937007874015748
T5,C4,ability,2,0.003937007874015748
T5,C4,condition,2,0.003937007874015748
T5,C4,contributions,2,0.003937007874015748
T5,C4,efficient,2,0.003937007874015748
T5,C4,error,2,0.003937007874015748
T5,C4,excessive,2,0.003937007874015748
T5,C4,improving,2,0.003937007874015748
T5,C4,innovative,2,0.003937007874015748
T5,C4,intelligence,2,0.003937007874015748
T5,C4,introduced,2,0.003937007874015748
T5,C4,leaving,2,0.003937007874015748
T5,C4,machine,2,0.003937007874015748
T5,C4,methodology,2,0.003937007874015748
T5,C4,minimum,2,0.003937007874015748
T5,C4,outdated,2,0.003937007874015748
T5,C4,positive,2,0.003937007874015748
T5,C4,processing,2,0.003937007874015748
T5,C4,significant,2,0.003937007874015748
T5,C4,used,2,0.003937007874015748
T5,C4,using,2,0.003937007874015748
T5,C4,(19,1,0.001968503937007874
T5,C4,(2005),1,0.001968503937007874
T5,C4,1).,1,0.001968503937007874
T5,C4,1996,1,0.001968503937007874
T5,C4,1996),1,0.001968503937007874
T5,C4,1997,1,0.001968503937007874
T5,C4,2,1,0.001968503937007874
T5,C4,2002,1,0.001968503937007874
T5,C4,2004,1,0.001968503937007874
T5,C4,2007,1,0.001968503937007874
T5,C4,2007.,1,0.001968503937007874
T5,C4,3,1,0.001968503937007874
T5,C4,4.1,1,0.001968503937007874
T5,C4,5,1,0.001968503937007874
T5,C4,;,1,0.001968503937007874
T5,C4,A,1,0.001968503937007874
T5,C4,Collins,1,0.001968503937007874
T5,C4,David,1,0.001968503937007874
T5,C4,En,1,0.001968503937007874
T5,C4,End,1,0.001968503937007874
T5,C4,It,1,0.001968503937007874
T5,C4,Lee,1,0.001968503937007874
T5,C4,MT,1,0.001968503937007874
T5,C4,Maximum,1,0.001968503937007874
T5,C4,Nie,1,0.001968503937007874
T5,C4,Open,1,0.001968503937007874
T5,C4,Per,1,0.001968503937007874
T5,C4,S,1,0.001968503937007874
T5,C4,Select,1,0.001968503937007874
T5,C4,T,1,0.001968503937007874
T5,C4,This,1,0.001968503937007874
T5,C4,While,1,0.001968503937007874
T5,C4,Wu,1,0.001968503937007874
T5,C4,added,1,0.001968503937007874
T5,C4,adopt,1,0.001968503937007874
T5,C4,advances,1,0.001968503937007874
T5,C4,affected,1,0.001968503937007874
T5,C4,al,1,0.001968503937007874
T5,C4,amount,1,0.001968503937007874
T5,C4,an,1,0.001968503937007874
T5,C4,analyze,1,0.001968503937007874
T5,C4,app,1,0.001968503937007874
T5,C4,art,1,0.001968503937007874
T5,C4,assumptions,1,0.001968503937007874
T5,C4,ation,1,0.001968503937007874
T5,C4,attacks,1,0.001968503937007874
T5,C4,automation,1,0.001968503937007874
T5,C4,better,1,0.001968503937007874
T5,C4,by,1,0.001968503937007874
T5,C4,call,1,0.001968503937007874
T5,C4,challenges,1,0.001968503937007874
T5,C4,cia,1,0.001968503937007874
T5,C4,claims,1,0.001968503937007874
T5,C4,classic,1,0.001968503937007874
T5,C4,commonly,1,0.001968503937007874
T5,C4,complexity,1,0.001968503937007874
T5,C4,compromised,1,0.001968503937007874
T5,C4,confidence,1,0.001968503937007874
T5,C4,contrast,1,0.001968503937007874
T5,C4,creative,1,0.001968503937007874
T5,C4,data,1,0.001968503937007874
T5,C4,decisions,1,0.001968503937007874
T5,C4,definitive,1,0.001968503937007874
T5,C4,degradation,1,0.001968503937007874
T5,C4,derivative,1,0.001968503937007874
T5,C4,described,1,0.001968503937007874
T5,C4,descriptive,1,0.001968503937007874
T5,C4,detail,1,0.001968503937007874
T5,C4,detailed,1,0.001968503937007874
T5,C4,discussing,1,0.001968503937007874
T5,C4,e,1,0.001968503937007874
T5,C4,effect,1,0.001968503937007874
T5,C4,efficiencies,1,0.001968503937007874
T5,C4,emphasized,1,0.001968503937007874
T5,C4,en,1,0.001968503937007874
T5,C4,enhance,1,0.001968503937007874
T5,C4,er,1,0.001968503937007874
T5,C4,errors,1,0.001968503937007874
T5,C4,evaluation,1,0.001968503937007874
T5,C4,excellent,1,0.001968503937007874
T5,C4,exceptional,1,0.001968503937007874
T5,C4,faster,1,0.001968503937007874
T5,C4,gains,1,0.001968503937007874
T5,C4,get,1,0.001968503937007874
T5,C4,gives,1,0.001968503937007874
T5,C4,gov,1,0.001968503937007874
T5,C4,hypothesis,1,0.001968503937007874
T5,C4,identified,1,0.001968503937007874
T5,C4,ill,1,0.001968503937007874
T5,C4,implications,1,0.001968503937007874
T5,C4,importance,1,0.001968503937007874
T5,C4,impressive,1,0.001968503937007874
T5,C4,improve,1,0.001968503937007874
T5,C4,incremental,1,0.001968503937007874
T5,C4,ing,1,0.001968503937007874
T5,C4,initiated,1,0.001968503937007874
T5,C4,introduce,1,0.001968503937007874
T5,C4,intuition,1,0.001968503937007874
T5,C4,kernel,1,0.001968503937007874
T5,C4,le,1,0.001968503937007874
T5,C4,liable,1,0.001968503937007874
T5,C4,log,1,0.001968503937007874
T5,C4,low,1,0.001968503937007874
T5,C4,machinery,1,0.001968503937007874
T5,C4,maximum,1,0.001968503937007874
T5,C4,model,1,0.001968503937007874
T5,C4,modified,1,0.001968503937007874
T5,C4,mutual,1,0.001968503937007874
T5,C4,narrow,1,0.001968503937007874
T5,C4,negative,1,0.001968503937007874
T5,C4,not,1,0.001968503937007874
T5,C4,number,1,0.001968503937007874
T5,C4,off,1,0.001968503937007874
T5,C4,or,1,0.001968503937007874
T5,C4,our,1,0.001968503937007874
T5,C4,parameter,1,0.001968503937007874
T5,C4,phrase,1,0.001968503937007874
T5,C4,practical,1,0.001968503937007874
T5,C4,presents,1,0.001968503937007874
T5,C4,probabil,1,0.001968503937007874
T5,C4,problem,1,0.001968503937007874
T5,C4,process,1,0.001968503937007874
T5,C4,produced,1,0.001968503937007874
T5,C4,production,1,0.001968503937007874
T5,C4,provided,1,0.001968503937007874
T5,C4,quality,1,0.001968503937007874
T5,C4,rase,1,0.001968503937007874
T5,C4,rather,1,0.001968503937007874
T5,C4,real,1,0.001968503937007874
T5,C4,recall,1,0.001968503937007874
T5,C4,recent,1,0.001968503937007874
T5,C4,reduced,1,0.001968503937007874
T5,C4,regulatory,1,0.001968503937007874
T5,C4,relationship,1,0.001968503937007874
T5,C4,remarkable,1,0.001968503937007874
T5,C4,rendering,1,0.001968503937007874
T5,C4,research,1,0.001968503937007874
T5,C4,results,1,0.001968503937007874
T5,C4,see,1,0.001968503937007874
T5,C4,set,1,0.001968503937007874
T5,C4,shaw,1,0.001968503937007874
T5,C4,significance,1,0.001968503937007874
T5,C4,sizes,1,0.001968503937007874
T5,C4,sky,1,0.001968503937007874
T5,C4,small,1,0.001968503937007874
T5,C4,smaller,1,0.001968503937007874
T5,C4,sources,1,0.001968503937007874
T5,C4,standard,1,0.001968503937007874
T5,C4,state,1,0.001968503937007874
T5,C4,sufficient,1,0.001968503937007874
T5,C4,supervised,1,0.001968503937007874
T5,C4,systems,1,0.001968503937007874
T5,C4,tags,1,0.001968503937007874
T5,C4,terms,1,0.001968503937007874
T5,C4,that,1,0.001968503937007874
T5,C4,theoretical,1,0.001968503937007874
T5,C4,transformation,1,0.001968503937007874
T5,C4,u,1,0.001968503937007874
T5,C4,un,1,0.001968503937007874
T5,C4,unstable,1,0.001968503937007874
T5,C4,valid,1,0.001968503937007874
T5,C4,values,1,0.001968503937007874
T5,C4,volume,1,0.001968503937007874
T5,C4,ways,1,0.001968503937007874
T5,C4,we,1,0.001968503937007874
T5,C4,with,1,0.001968503937007874
T5,C4,word,1,0.001968503937007874
T5,C4,work,1,0.001968503937007874
T5,C4,writing,1,0.001968503937007874
T5,C4,y,1,0.001968503937007874
T5,C4,zero,1,0.001968503937007874
